{"MSE": 119.76606852213541, "MAE": 13.35462646484375}