{"MSE": 3928.626916503906, "MAE": 69.60340576171875}