{"MSE": 1021.7038536071777, "MAE": 46.142765045166016}