{"MSE": 144.02049255371094, "MAE": 12.680587768554688}