{"MSE": 159.27753829956055, "MAE": 17.893169403076172}