{"MSE": 254.74606323242188, "MAE": 20.23101806640625}