{"MSE": 80.7397689819336, "MAE": 12.872657775878906}