{"MSE": 507.04805755615234, "MAE": 32.64201354980469}