{"MSE": 117.84286880493164, "MAE": 8.447948455810547}