{"MSE": 107.16061782836914, "MAE": 13.919498443603516}