{"MSE": 477.3948059082031, "MAE": 28.539260864257812}