{"MSE": 235.431877368927, "MAE": 30.58113808059693}