{"MSE": 487.2622816123963, "MAE": 43.68531313705445}