{"MSE": 221.7852897644043, "MAE": 19.884075164794922}