{"MSE": 643.1905937194824, "MAE": 33.83000564575195}