{"MSE": 704.5912475585938, "MAE": 33.450347900390625}