{"MSE": 150.83409118652344, "MAE": 16.63422393798828}