{"MSE": 331.382498336792, "MAE": 36.54538999176026}