{"MSE": 4637.827087402344, "MAE": 98.28096771240234}