{"MSE": 555.2662394205729, "MAE": 30.12493896484375}