{"MSE": 91.79385986328126, "MAE": 12.603218587239583}