{"MSE": 201.67111011962893, "MAE": 27.689271236165368}