{"MSE": 1130.2416191101074, "MAE": 43.38053512573242}