{"MSE": 494.0454637985229, "MAE": 45.10635168457032}