{"MSE": 1022.705509185791, "MAE": 42.80680465698242}