{"MSE": 224.87276458740234, "MAE": 20.5308837890625}