{"MSE": 576.3539886474609, "MAE": 32.741851806640625}