{"MSE": 480.0419807434082, "MAE": 28.965091705322266}