{"MSE": 410.5032844543457, "MAE": 27.76370620727539}