{"MSE": 901.8757159461976, "MAE": 60.99686253738405}