{"MSE": 911.1577033996582, "MAE": 41.28144454956055}