{"MSE": 369.2816390991211, "MAE": 25.179092407226562}