{"MSE": 604.7045021057129, "MAE": 31.464046478271484}