{"MSE": 1283.0396919250488, "MAE": 34.39689254760742}