{"MSE": 63.24873733520508, "MAE": 9.57895278930664}