{"MSE": 2654.9272117614746, "MAE": 72.63843154907227}