{"MSE": 154.4323501586914, "MAE": 13.409912109375}