{"MSE": 67.29292297363281, "MAE": 10.814842224121094}