{"MSE": 9486.970790863037, "MAE": 122.0975456237793}