{"MSE": 154.84501266479492, "MAE": 18.257762908935547}