{"MSE": 7378.004012044271, "MAE": 104.19676106770834}