{"MSE": 228.14956283569336, "MAE": 18.511280059814453}