{"MSE": 798.198169708252, "MAE": 24.14163589477539}