{"MSE": 459.7565612792969, "MAE": 25.280319213867188}