{"MSE": 87.9123649597168, "MAE": 9.454700469970703}