{"MSE": 1080.6418685913086, "MAE": 44.616737365722656}