{"MSE": 102.06964111328125, "MAE": 11.571000162760416}