{"MSE": 1173.6589469909668, "MAE": 51.141483306884766}