{"MSE": 261.57083892822266, "MAE": 19.194900512695312}