{"MSE": 7964.811470031738, "MAE": 132.99771118164062}