{"MSE": 241.27885055541992, "MAE": 19.38315200805664}