{"MSE": 234.57302856445312, "MAE": 19.1278076171875}