{"MSE": 2918.7369956970215, "MAE": 75.32786178588867}