{"MSE": 8432.374008178711, "MAE": 128.29017639160156}