{"MSE": 326.8487091064453, "MAE": 20.49072265625}