{"MSE": 288.6266510314942, "MAE": 32.07963281250001}