{"MSE": 600.4278831481934, "MAE": 29.10427474975586}