{"MSE": 131.37307739257812, "MAE": 14.6015625}