{"MSE": 2193.7749633789062, "MAE": 62.198463439941406}