{"MSE": 289.5804023742676, "MAE": 21.904033660888672}