{"MSE": 55.71528625488281, "MAE": 9.041847229003906}