{"MSE": 90.49613571166992, "MAE": 12.37551498413086}