{"MSE": 1134.577480316162, "MAE": 49.62040328979492}