{"MSE": 1460.6744499206543, "MAE": 47.51813888549805}