{"MSE": 1593.6436118011475, "MAE": 76.03314280700684}