{"MSE": 725.3726043701172, "MAE": 34.60771179199219}