{"MSE": 641.8466267903646, "MAE": 31.46558837890625}