{"MSE": 2363.7715339660645, "MAE": 66.87958145141602}