{"MSE": 265.2097702026367, "MAE": 19.76988983154297}