{"MSE": 4169.306663513184, "MAE": 51.79163360595703}