{"MSE": 55.94773864746094, "MAE": 10.290771484375}