{"MSE": 865.098705291748, "MAE": 37.41191482543945}