{"MSE": 2574.3661003112793, "MAE": 75.61321640014648}