{"MSE": 588.515193939209, "MAE": 33.65403366088867}