{"MSE": 532.0711955146791, "MAE": 45.61316923904419}