{"MSE": 242.18078994750977, "MAE": 20.76156997680664}