{"MSE": 914.3150444030762, "MAE": 39.14625930786133}