{"MSE": 24.491756439208984, "MAE": 6.855220794677734}