{"MSE": 4199.182182312012, "MAE": 76.03650665283203}