{"MSE": 503.57406997680664, "MAE": 29.062915802001953}