{"MSE": 773.4393513997396, "MAE": 37.628763834635414}