{"MSE": 136.5020263671875, "MAE": 15.285205078125}