{"MSE": 299.894951928711, "MAE": 33.58159555664063}