{"MSE": 396.79328536987305, "MAE": 25.229228973388672}