{"MSE": 816.9457682291667, "MAE": 40.9450439453125}