{"MSE": 292.2120704650879, "MAE": 23.009479522705078}