{"MSE": 100.99533002090456, "MAE": 19.572269306182864}