{"MSE": 45.96965408325195, "MAE": 8.908634185791016}