{"MSE": 1515.3527145385742, "MAE": 43.02653503417969}