{"MSE": 408.5898780822754, "MAE": 25.59402084350586}