{"MSE": 1533.4136895263673, "MAE": 77.61390603027344}