{"MSE": 1664.1036458333333, "MAE": 54.72190755208333}