{"MSE": 697.9579833984375, "MAE": 35.3272216796875}