{"MSE": 133.76673824691775, "MAE": 20.84009680557251}