{"MSE": 472.7562065124512, "MAE": 29.651226043701172}