{"MSE": 376.55068359375, "MAE": 26.251725260416666}