{"MSE": 827.2818518554689, "MAE": 57.675040397135426}