{"MSE": 1273.8225708007812, "MAE": 44.487797037760416}