{"MSE": 7918.187957763672, "MAE": 127.97762298583984}