{"MSE": 72.5041618347168, "MAE": 6.559490203857422}