{"MSE": 465.0209655761719, "MAE": 28.186485290527344}