{"MSE": 239.70933837890624, "MAE": 18.530000813802083}