{"MSE": 156.02886962890625, "MAE": 14.640531412760417}