{"MSE": 182.72611618041992, "MAE": 14.67129898071289}