{"MSE": 221.69730853652956, "MAE": 28.88142656326294}