{"MSE": 486.2978286743164, "MAE": 30.059371948242188}