{"MSE": 100.90910720825195, "MAE": 13.14584732055664}