{"MSE": 292.80041885375977, "MAE": 24.939594268798828}