{"MSE": 530.8129353841146, "MAE": 32.99964599609375}