{"MSE": 135.6663703918457, "MAE": 13.426929473876953}