{"MSE": 207.75263214111328, "MAE": 19.050430297851562}