{"MSE": 207.8632080078125, "MAE": 18.961116536458334}