{"MSE": 5518.009838104248, "MAE": 105.7091178894043}