{"MSE": 111.09550094604492, "MAE": 11.265247344970703}