{"MSE": 1341.511043548584, "MAE": 50.01115036010742}