{"MSE": 30.59286117553711, "MAE": 5.945697784423828}