{"MSE": 963.0050621032715, "MAE": 41.062320709228516}