{"MSE": 352.6409356422425, "MAE": 37.852197010040285}