{"MSE": 217.35287475585938, "MAE": 17.225868225097656}