{"MSE": 266.46533203125, "MAE": 19.15619659423828}