{"MSE": 798.5954132080078, "MAE": 35.721824645996094}