{"MSE": 585.4243344726564, "MAE": 42.08616391754151}