{"MSE": 8078.277988433838, "MAE": 101.15606307983398}