{"MSE": 79.44892501831055, "MAE": 11.906078338623047}