{"MSE": 392.4631690979004, "MAE": 26.092914581298828}