{"MSE": 174.54928826522828, "MAE": 26.157654109954834}