{"MSE": 272.5049519856771, "MAE": 23.85272216796875}