{"MSE": 1659.7837409973145, "MAE": 52.71194839477539}