{"MSE": 2087.79793548584, "MAE": 60.78185272216797}