{"MSE": 394.3446085611979, "MAE": 26.42313232421875}