{"MSE": 1141.9839477539062, "MAE": 39.705535888671875}