{"MSE": 663.1658554077148, "MAE": 35.04578399658203}