{"MSE": 308.8477772140503, "MAE": 35.07115793609619}