{"MSE": 140.5770492553711, "MAE": 15.963203430175781}