{"MSE": 2052.3599243164062, "MAE": 53.791621907552084}