{"MSE": 29.759563446044922, "MAE": 6.554492950439453}