{"MSE": 225.6459513346354, "MAE": 17.131734212239582}