{"MSE": 3596.123706817627, "MAE": 54.75700759887695}