{"MSE": 31.285247802734375, "MAE": 5.721305847167969}