{"MSE": 160.29717254638672, "MAE": 15.892379760742188}