{"MSE": 68.73368942260743, "MAE": 12.569708946228028}