{"MSE": 1316.2348251342773, "MAE": 55.18109130859375}