{"MSE": 575.3069610595703, "MAE": 23.87696075439453}