{"MSE": 122.62166976928711, "MAE": 13.305522918701172}