{"MSE": 86.1329574584961, "MAE": 11.35626220703125}