{"MSE": 503.91368408203124, "MAE": 29.696309407552082}