{"MSE": 130.69082260131836, "MAE": 15.488323211669922}