{"MSE": 414.4188766479492, "MAE": 25.290359497070312}