{"MSE": 3993.1722412109375, "MAE": 92.412841796875}