{"MSE": 983.2467976888021, "MAE": 36.56651611328125}