{"MSE": 2043.5410346984863, "MAE": 62.13405227661133}