{"MSE": 78.22247314453125, "MAE": 12.7349853515625}