{"MSE": 2414.5783500671387, "MAE": 54.96748733520508}