{"MSE": 282.79961013793945, "MAE": 23.899616241455078}