{"MSE": 285.0844841003418, "MAE": 21.713504791259766}