{"MSE": 116.62129313151041, "MAE": 12.37550048828125}