{"MSE": 181.6237907409668, "MAE": 10.666141510009766}