{"MSE": 362.0911865234375, "MAE": 24.692970275878906}