{"MSE": 59.6634521484375, "MAE": 10.478050231933594}