{"MSE": 131.08060437011721, "MAE": 23.02027635955811}