{"MSE": 455.0740051269531, "MAE": 28.78839874267578}