{"MSE": 140.95337677001953, "MAE": 12.988014221191406}