{"MSE": 654.3089408874512, "MAE": 37.577449798583984}