{"MSE": 1877.5249061584473, "MAE": 59.1830940246582}