{"MSE": 2263.64571641922, "MAE": 98.59415478134157}