{"MSE": 487.08604431152344, "MAE": 29.40247344970703}