{"MSE": 686.7558670043945, "MAE": 35.30857849121094}