{"MSE": 205.80714130020144, "MAE": 27.15920397567749}