{"MSE": 1383.0085334777832, "MAE": 36.35756301879883}