{"MSE": 421.4014778137207, "MAE": 26.347087860107422}