{"MSE": 1789.8325154622396, "MAE": 60.64396565755208}