{"MSE": 918.6483879089355, "MAE": 34.86079025268555}