{"MSE": 620.6364707946777, "MAE": 30.17184066772461}