{"MSE": 1076.323860168457, "MAE": 40.230010986328125}