{"MSE": 74.84878158569336, "MAE": 10.400890350341797}