{"MSE": 399.4251022338867, "MAE": 26.485206604003906}