{"MSE": 164.4427731437683, "MAE": 22.85075609970093}