{"MSE": 1171.1486880416871, "MAE": 67.14765629577639}