{"MSE": 533.0672225952148, "MAE": 30.563339233398438}