{"MSE": 1221.1849670410156, "MAE": 45.51860046386719}