{"MSE": 1058.4344444274902, "MAE": 37.97810745239258}