{"MSE": 165.43482971191406, "MAE": 14.381362915039062}