{"MSE": 153.3854866027832, "MAE": 16.556316375732422}