{"MSE": 336.9879140663147, "MAE": 36.374227077484136}