{"MSE": 577.148365020752, "MAE": 31.607837677001953}