{"MSE": 201.4298210144043, "MAE": 18.46065902709961}