{"MSE": 548.3850555419922, "MAE": 35.192138671875}