{"MSE": 338.08849716186523, "MAE": 24.18613052368164}