{"MSE": 147.47897720336914, "MAE": 11.794933319091797}