{"MSE": 62.320987955729166, "MAE": 10.276432291666667}