{"MSE": 136.91921053873702, "MAE": 22.577321744791668}