{"MSE": 371.4626017252604, "MAE": 25.444966634114582}