{"MSE": 150.81568908691406, "MAE": 17.736221313476562}