{"MSE": 1673.9852498372395, "MAE": 55.95513102213542}