{"MSE": 3126.2077840169272, "MAE": 78.29996337890626}