{"MSE": 2213.1859130859375, "MAE": 70.1556625366211}