{"MSE": 5391.212635040283, "MAE": 88.73530960083008}