{"MSE": 359.1539001464844, "MAE": 21.873390197753906}