{"MSE": 755.1627311706543, "MAE": 24.90494155883789}