{"MSE": 109.31251676940921, "MAE": 19.35657034301758}