{"MSE": 285.6309509277344, "MAE": 20.63982391357422}