{"MSE": 49.75535583496094, "MAE": 8.810455322265625}