{"MSE": 987.6479454040527, "MAE": 36.760684967041016}