{"MSE": 113.92244720458984, "MAE": 11.715827941894531}