{"MSE": 531.5917091369629, "MAE": 19.374019622802734}