{"MSE": 48.525508880615234, "MAE": 8.905933380126953}