{"MSE": 509.9866485595703, "MAE": 29.03723907470703}