{"MSE": 411.96079508463544, "MAE": 24.600199381510418}