{"MSE": 174.12849044799805, "MAE": 19.247188568115234}