{"MSE": 6949.857080078125, "MAE": 121.8032958984375}