{"MSE": 1858.3934936523438, "MAE": 53.93560028076172}