{"MSE": 1181.081169128418, "MAE": 42.56897735595703}