{"MSE": 533.6073913574219, "MAE": 32.681434631347656}