{"MSE": 225.6125259399414, "MAE": 16.34783935546875}