{"MSE": 344.62517166137695, "MAE": 15.179248809814453}