{"MSE": 526.5229225158691, "MAE": 30.003620147705078}