{"MSE": 42.30844497680664, "MAE": 8.48025131225586}