{"MSE": 1794.1738739013672, "MAE": 47.24482727050781}