{"MSE": 6936.440311431885, "MAE": 83.94769668579102}