{"MSE": 243.68763732910156, "MAE": 17.723655700683594}