{"MSE": 329.5098419189453, "MAE": 23.702476501464844}