{"MSE": 1177.9549102783203, "MAE": 43.514869689941406}