{"MSE": 723.933122695923, "MAE": 52.07434087371827}