{"MSE": 515.0517768859863, "MAE": 29.976154327392578}