{"MSE": 210.28731361007692, "MAE": 29.321724994659426}