{"MSE": 95.71566390991211, "MAE": 13.346256256103516}