{"MSE": 610.9584350585938, "MAE": 32.342308044433594}