{"MSE": 620.6705444335937, "MAE": 33.99211832682292}