{"MSE": 450.45659255981445, "MAE": 28.634960174560547}