{"MSE": 4265.448066711426, "MAE": 90.50868225097656}