{"MSE": 80.51363525390624, "MAE": 10.558231608072917}