{"MSE": 5763.442420959473, "MAE": 109.31278991699219}