{"MSE": 1071.8019165039063, "MAE": 43.20382893880208}