{"MSE": 375.001123046875, "MAE": 23.581062825520835}