{"MSE": 356.1952934265137, "MAE": 25.044315338134766}