{"MSE": 67.05640029907227, "MAE": 10.253520965576172}