{"MSE": 147.3229114570618, "MAE": 22.526985561370854}