{"MSE": 294.9708480834961, "MAE": 24.750274658203125}