{"MSE": 660.8355178833008, "MAE": 29.460044860839844}