{"MSE": 1927.0882301330566, "MAE": 34.679012298583984}