{"MSE": 212.78418375651043, "MAE": 19.367411295572918}