{"MSE": 948.0095540364583, "MAE": 39.75668131510417}