{"MSE": 467.48685171305345, "MAE": 42.5502026163737}