{"MSE": 140.24442291259766, "MAE": 14.651229858398438}