{"MSE": 218.77590560913086, "MAE": 21.394084930419922}