{"MSE": 908.2419320983889, "MAE": 59.24444360351563}