{"MSE": 1337.5153999328613, "MAE": 47.01277542114258}