{"MSE": 413.4009704589844, "MAE": 26.966064453125}