{"MSE": 507.3167419433594, "MAE": 30.526809692382812}