{"MSE": 66.12710571289062, "MAE": 10.387886047363281}