{"MSE": 326.3173942565918, "MAE": 16.961559295654297}