{"MSE": 640.8744659423828, "MAE": 30.822967529296875}