{"MSE": 146.50396321614582, "MAE": 17.330615234375}