{"MSE": 1617.3813171386719, "MAE": 52.064979553222656}