{"MSE": 1016.3819351196289, "MAE": 41.93995666503906}