{"MSE": 1128.4112548828125, "MAE": 47.23793029785156}