{"MSE": 116.95230865478516, "MAE": 13.050918579101562}