{"MSE": 214.9458351135254, "MAE": 15.302257537841797}