{"MSE": 2000.6736694335937, "MAE": 61.38617757161458}