{"MSE": 283.8051414489746, "MAE": 23.723590850830078}