{"MSE": 623.5198957633972, "MAE": 52.12072909927369}