{"MSE": 1413.2440032958984, "MAE": 51.478721618652344}