{"MSE": 2557.835105895996, "MAE": 70.05205535888672}