{"MSE": 758.9381637573242, "MAE": 32.981040954589844}