{"MSE": 249.65167236328125, "MAE": 20.892959594726562}