{"MSE": 1739.1526145935059, "MAE": 61.12905502319336}