{"MSE": 1514.893211364746, "MAE": 52.306854248046875}