{"MSE": 1176.3440100669861, "MAE": 70.11877395248413}