{"MSE": 535.431957244873, "MAE": 31.915691375732422}