{"MSE": 820.409049987793, "MAE": 39.02056884765625}