{"MSE": 1645.7979545593262, "MAE": 55.9877815246582}