{"MSE": 4301.886077880859, "MAE": 73.74595642089844}