{"MSE": 41.804443359375, "MAE": 8.568511962890625}