{"MSE": 117.3152084350586, "MAE": 13.1033935546875}