{"MSE": 86.53338375473022, "MAE": 15.17468228530884}