{"MSE": 39.38706588745117, "MAE": 6.907001495361328}