{"MSE": 209.16043853759766, "MAE": 17.046737670898438}